Model,MAE,RMSE,R-squared
Linear Regression,5.707998316269785,8.000263193618373,0.7334912426237157
SVR,5.579690318996018,8.010450165702395,0.7328121035258937
RandomForest Regressor,5.649125924722086,8.078111636301488,0.7282793553596207
GradientBoosting Regressor,5.589939748329259,7.951723938476272,0.736715359918043
XGBoost,5.826939399510996,8.37804201714239,0.7077274672096472
KNeighbors,6.071953459889773,8.737541388527312,0.6821066618322649
AdaBoostRegressor,9.786982856320895,11.311471730528357,0.4672282801943126
MLP Regressor,5.6612508765001035,8.094953557178037,0.7271451625365293
