Model,MAE,RMSE,R-squared
Linear Regression,5.64937113622948,7.919190924567294,0.7247092609265589
SVR,5.61522649940343,8.228898997699345,0.7027557664218452
RandomForest Regressor,5.613566985155414,8.025716063606781,0.7172532922540111
GradientBoosting Regressor,5.525277906592888,7.887734066307316,0.7268919542126419
XGBoost,5.772361473603006,8.340240620563513,0.6946575854232011
KNeighbors,6.145409026321131,8.779136886306228,0.661675369595926
AdaBoostRegressor,8.810789301291994,10.536676944902927,0.5126541140808729
MLP Regressor,5.64903012519849,8.014270671500189,0.7180591616351963
