Model,MAE,RMSE,R-squared
Linear Regression,5.876733732471412,8.222635663883079,0.7224595257692354
SVR,5.936759544051423,8.598766142238233,0.6964875528138583
RandomForest Regressor,5.865476594955293,8.292773487618582,0.7177045768641735
GradientBoosting Regressor,5.820091881294902,8.21905648327848,0.7227010909618423
XGBoost,6.094799154019361,8.686492390242796,0.6902629783639449
KNeighbors,6.373241821909262,9.058218569199129,0.6631862425238195
AdaBoostRegressor,9.786030084128988,11.521895420891804,0.4550557318652244
MLP Regressor,5.964884956614986,8.404582450918351,0.7100410522483075
