Model,MAE,RMSE,R-squared
Linear Regression,5.876733732471407,8.222635663883079,0.7224595257692354
SVR,5.9622953019052,8.61985737517366,0.6949968034613274
RandomForest Regressor,5.861478271532866,8.285238714076106,0.7182173283056765
GradientBoosting Regressor,5.816837267404918,8.20925524352728,0.7233620555291165
XGBoost,6.093912200119065,8.685684650509323,0.6903205793508269
KNeighbors,6.42470808449951,9.133525154843941,0.6575626801360444
AdaBoostRegressor,9.391824389056252,11.137603287665023,0.4908007912502519
MLP Regressor,5.966029652234582,8.403771053979392,0.7100970360993015
