Model,MAE,RMSE,R-squared
Linear Regression,5.719104696007001,8.042843833095649,0.7282246747338017
SVR,5.71283005908559,8.405080730596993,0.703192732788372
RandomForest Regressor,5.663915050393615,8.10460320929454,0.724034833933648
GradientBoosting Regressor,5.569239359135991,7.9383460050437336,0.7352409581923116
XGBoost,5.755433820266452,8.288761465306099,0.7113510146578207
KNeighbors,6.229834254143646,8.965455643528664,0.6622965601691904
AdaBoostRegressor,9.242626926587347,10.828761244176983,0.5073388586709386
MLP Regressor,5.626489712477349,8.079395280451322,0.7257488454886147
