Model,MAE,RMSE,R-squared
Linear Regression,5.774986476245993,8.034962933773866,0.7258120828048111
SVR,5.853863838586484,8.498737248046039,0.6932466160529935
RandomForest Regressor,5.767236318367316,8.108330528799401,0.7207819785989663
GradientBoosting Regressor,5.692900958068592,7.99801816868075,0.7283277184942178
XGBoost,5.976980442968595,8.497047103649663,0.6933686120495701
KNeighbors,6.319232554541235,8.949595993740928,0.659836729351845
AdaBoostRegressor,9.29767987944838,10.945600474880216,0.49118519313329
MLP Regressor,5.803572852173007,8.156266884934213,0.7174707520659844
