Model,MAE,RMSE,R-squared
Linear Regression,5.825198274643832,7.956183286036723,0.7299934154289216
SVR,5.898188133416222,8.33772701486533,0.7034758018637153
RandomForest Regressor,5.865464509372204,8.17075810467167,0.715233102726074
GradientBoosting Regressor,5.823057768417496,8.036744709874434,0.7244977547277248
XGBoost,5.984536705649899,8.382458950070788,0.7002855601660996
KNeighbors,6.429564630442119,8.88653339998515,0.6631554294193426
AdaBoostRegressor,10.013463306885612,11.746306207664915,0.4114715896822415
MLP Regressor,5.900013761898732,8.131799966938997,0.7179421634574223
