Model,MAE,RMSE,R-squared
Linear Regression,5.690400427276669,7.992498341097847,0.7340083248476983
SVR,5.572976030451553,7.995117629210273,0.7338339555916495
RandomForest Regressor,5.592974376783316,7.987719808577565,0.7343262904824079
GradientBoosting Regressor,5.561808337306897,7.922520226045251,0.7386457010030867
XGBoost,5.823584900535751,8.483395814733306,0.7003306014782935
KNeighbors,5.932149418248622,8.561300872359688,0.6948014579285806
AdaBoostRegressor,9.54971387646888,11.030536689029384,0.49336379499356553
MLP Regressor,5.677945000826322,8.055474313396655,0.7298001091507695
