Model,MAE,RMSE,R-squared
Linear Regression,5.713806564054664,8.042922231144527,0.7282193764190463
SVR,5.724052738322597,8.420166157571257,0.7021263581580903
RandomForest Regressor,5.7110249512812,8.167929304099241,0.7197054250232994
GradientBoosting Regressor,5.5953555770837236,7.98272907926987,0.7322721610515912
XGBoost,5.7407867255929625,8.334228843049658,0.7081756046347614
KNeighbors,6.268771375953696,9.01375954245436,0.6586478138559317
AdaBoostRegressor,8.757536430937856,10.391063852820537,0.5463605878158385
MLP Regressor,5.638140061769576,8.076662321110348,0.7259343520671538
