Model,MAE,RMSE,R-squared
Linear Regression,5.75516209310504,8.015955788342538,0.7271077615978556
SVR,5.828284764225955,8.47564160222646,0.6949115789468174
RandomForest Regressor,5.740478195506936,8.066409796824203,0.7236616751853502
GradientBoosting Regressor,5.668451073916019,7.977862126157966,0.7296952918185331
XGBoost,5.954782186964642,8.500790380025514,0.6930983866776315
KNeighbors,6.284217855485068,8.905206254616354,0.6632027609960094
AdaBoostRegressor,9.142101472415426,10.811203440536763,0.5036035844388959
MLP Regressor,5.798585584085787,8.15883858264097,0.7172925591805
