Model,MAE,RMSE,R-squared
Linear Regression,5.82519827464383,7.956183286036723,0.7299934154289216
SVR,5.920537915669438,8.363846283439653,0.7016150725842539
RandomForest Regressor,5.860837249355812,8.16358276599005,0.7157330322851607
GradientBoosting Regressor,5.81835819613452,8.030155117826785,0.7249493562647811
XGBoost,5.987710849198736,8.386394943749918,0.7000040315343545
KNeighbors,6.5144785690178875,9.074126060010027,0.6487839023653924
AdaBoostRegressor,9.67324635242025,11.328647701764913,0.45257964850517307
MLP Regressor,5.882406435898738,8.155048292388907,0.7163270853757367
